{
  "installed": {
    "client_id": "798862344961-5bl54vlo6l901or81othie3t5mgc4grp.apps.googleusercontent.com",
    "project_id": "quickstart-1550777038170",
    "auth_uri": "https://accounts.google.com/o/oauth2/auth",
    "token_uri": "https://oauth2.googleapis.com/token",
    "auth_provider_x509_cert_url": "https://www.googleapis.com/oauth2/v1/certs",
    "client_secret": "K9ShMbtT_rVpKBcAwdPoNbi8",
    "redirect_uris": [
      "urn:ietf:wg:oauth:2.0:oob",
      "http://localhost"
    ]
  }
}